-- --------------------------------------------------------
-- Host:                         127.0.0.1
-- Server version:               10.4.32-MariaDB - mariadb.org binary distribution
-- Server OS:                    Win64
-- HeidiSQL Version:             12.8.0.6908
-- --------------------------------------------------------

/*!40101 SET @OLD_CHARACTER_SET_CLIENT=@@CHARACTER_SET_CLIENT */;
/*!40101 SET NAMES utf8 */;
/*!50503 SET NAMES utf8mb4 */;
/*!40103 SET @OLD_TIME_ZONE=@@TIME_ZONE */;
/*!40103 SET TIME_ZONE='+00:00' */;
/*!40014 SET @OLD_FOREIGN_KEY_CHECKS=@@FOREIGN_KEY_CHECKS, FOREIGN_KEY_CHECKS=0 */;
/*!40101 SET @OLD_SQL_MODE=@@SQL_MODE, SQL_MODE='NO_AUTO_VALUE_ON_ZERO' */;
/*!40111 SET @OLD_SQL_NOTES=@@SQL_NOTES, SQL_NOTES=0 */;


-- Dumping database structure for it_occupation
CREATE DATABASE IF NOT EXISTS `it_occupation` /*!40100 DEFAULT CHARACTER SET utf8mb4 COLLATE utf8mb4_general_ci */;
USE `it_occupation`;

-- Dumping structure for table it_occupation.occupation
CREATE TABLE IF NOT EXISTS `occupation` (
  `id` int(11) NOT NULL AUTO_INCREMENT,
  `title` varchar(255) NOT NULL,
  `description` varchar(255) NOT NULL,
  `moreInfo` text NOT NULL,
  `image` varchar(255) NOT NULL,
  PRIMARY KEY (`id`)
) ENGINE=InnoDB AUTO_INCREMENT=9 DEFAULT CHARSET=utf8mb4 COLLATE=utf8mb4_general_ci;

-- Dumping data for table it_occupation.occupation: ~8 rows (approximately)
REPLACE INTO `occupation` (`id`, `title`, `description`, `moreInfo`, `image`) VALUES
	(1, 'IT Supporter', 'สำหรับผู้ช่วยดูแล จัดการและช่วยเหลือระบบต่างๆ ในด้าน IT และ Network', 'สำหรับงานอันนี้ จะมีหน้าที่คอยช่วยเหลือองค์กร ในด้าน IT ทุกๆด้าน ที่ไม่ใช่งานเฉพาะทางมากนักเช่น การสอนการใช้งานระบบ, Computer, Network, Server, Internet ตลอดจนอุปกรณ์ไอทีต่างๆรวมถึงการใช้งาน Application การลงโปรแกรม การดูแลระบบต่างๆอีกด้วย   ตำแหน่งงานนี้ ไม่ต้องการทักษะที่สูงมากนัก แต่จะเน้นประสบการณ์การใช้งานระบบนั้นๆมากกว่าซึ่งทุกองค์กรจำเป็นต้องมีพนักงานตำแหน่งนี้ หรือบุคลากรที่รู้เรื่องไอทีอยู่อย่างแน่นอน', 'https://www.arit.co.th/assets/images/blogs/13/02_IT_Support.png'),
	(2, 'Software Developer', 'อาชีพที่พัฒนาซอฟต์แวร์ให้ใหม่ Programmer (โปรแกรมเมอร์)...', 'สำหรับงานอันนี้ จะมีหน้าที่คอยช่วยเหลือองค์กร ในด้าน IT ทุกๆด้าน ที่ไม่ใช่งานเฉพาะทางมากนักเช่น การสอนการใช้งานระบบ, Computer, Network, Server, Internet ตลอดจนอุปกรณ์ไอทีต่างๆรวมถึงการใช้งาน Application การลงโปรแกรม การดูแลระบบต่างๆอีกด้วย   ตำแหน่งงานนี้ ไม่ต้องการทักษะที่สูงมากนัก แต่จะเน้นประสบการณ์การใช้งานระบบนั้นๆมากกว่าซึ่งทุกองค์กรจำเป็นต้องมีพนักงานตำแหน่งนี้ หรือบุคลากรที่รู้เรื่องไอทีอยู่อย่างแน่นอน', 'https://res.cloudinary.com/techupth/image/upload/v1665131307/techupth/blog-posts/2204-web-developer_ahhbdn.jpg'),
	(3, 'Data Analyst', 'อาชีพที่พัฒนาซอฟต์แวร์ให้ใหม่ Programmer (โปรแกรมเมอร์)...', 'สำหรับงานอันนี้ จะมีหน้าที่คอยช่วยเหลือองค์กร ในด้าน IT ทุกๆด้าน ที่ไม่ใช่งานเฉพาะทางมากนักเช่น การสอนการใช้งานระบบ, Computer, Network, Server, Internet ตลอดจนอุปกรณ์ไอทีต่างๆรวมถึงการใช้งาน Application การลงโปรแกรม การดูแลระบบต่างๆอีกด้วย   ตำแหน่งงานนี้ ไม่ต้องการทักษะที่สูงมากนัก แต่จะเน้นประสบการณ์การใช้งานระบบนั้นๆมากกว่าซึ่งทุกองค์กรจำเป็นต้องมีพนักงานตำแหน่งนี้ หรือบุคลากรที่รู้เรื่องไอทีอยู่อย่างแน่นอน', 'https://res.cloudinary.com/highereducation/images/f_auto,q_auto/v1662131308/ComputerScience.org/GettyImages-1139938843_71749511/GettyImages-1139938843_71749511.jpg'),
	(4, 'Cybersecurity Specialist', 'อาชีพที่พัฒนาซอฟต์แวร์ให้ใหม่ Programmer (โปรแกรมเมอร์)...', 'สำหรับงานอันนี้ จะมีหน้าที่คอยช่วยเหลือองค์กร ในด้าน IT ทุกๆด้าน ที่ไม่ใช่งานเฉพาะทางมากนักเช่น การสอนการใช้งานระบบ, Computer, Network, Server, Internet ตลอดจนอุปกรณ์ไอทีต่างๆรวมถึงการใช้งาน Application การลงโปรแกรม การดูแลระบบต่างๆอีกด้วย   ตำแหน่งงานนี้ ไม่ต้องการทักษะที่สูงมากนัก แต่จะเน้นประสบการณ์การใช้งานระบบนั้นๆมากกว่าซึ่งทุกองค์กรจำเป็นต้องมีพนักงานตำแหน่งนี้ หรือบุคลากรที่รู้เรื่องไอทีอยู่อย่างแน่นอน', 'https://marketing4ecommerce.net/en/wp-content/uploads/sites/8/2024/03/project-manager.jpg'),
	(5, 'Web Developer', 'อาชีพที่พัฒนาซอฟต์แวร์ให้ใหม่ Programmer (โปรแกรมเมอร์)...', 'สำหรับงานอันนี้ จะมีหน้าที่คอยช่วยเหลือองค์กร ในด้าน IT ทุกๆด้าน ที่ไม่ใช่งานเฉพาะทางมากนักเช่น การสอนการใช้งานระบบ, Computer, Network, Server, Internet ตลอดจนอุปกรณ์ไอทีต่างๆรวมถึงการใช้งาน Application การลงโปรแกรม การดูแลระบบต่างๆอีกด้วย   ตำแหน่งงานนี้ ไม่ต้องการทักษะที่สูงมากนัก แต่จะเน้นประสบการณ์การใช้งานระบบนั้นๆมากกว่าซึ่งทุกองค์กรจำเป็นต้องมีพนักงานตำแหน่งนี้ หรือบุคลากรที่รู้เรื่องไอทีอยู่อย่างแน่นอน', 'https://i.imgur.com/QtWxZ7t.jpg'),
	(6, 'UX/UI Designer', 'อาชีพที่พัฒนาซอฟต์แวร์ให้ใหม่ Programmer (โปรแกรมเมอร์)...', 'สำหรับงานอันนี้ จะมีหน้าที่คอยช่วยเหลือองค์กร ในด้าน IT ทุกๆด้าน ที่ไม่ใช่งานเฉพาะทางมากนักเช่น การสอนการใช้งานระบบ, Computer, Network, Server, Internet ตลอดจนอุปกรณ์ไอทีต่างๆรวมถึงการใช้งาน Application การลงโปรแกรม การดูแลระบบต่างๆอีกด้วย   ตำแหน่งงานนี้ ไม่ต้องการทักษะที่สูงมากนัก แต่จะเน้นประสบการณ์การใช้งานระบบนั้นๆมากกว่าซึ่งทุกองค์กรจำเป็นต้องมีพนักงานตำแหน่งนี้ หรือบุคลากรที่รู้เรื่องไอทีอยู่อย่างแน่นอน', 'https://www.skillreactor.io/blog/wp-content/uploads/2024/02/image.jpeg'),
	(7, 'Network Engineering', 'อาชีพที่พัฒนาซอฟต์แวร์ให้ใหม่ Programmer (โปรแกรมเมอร์)...', 'สำหรับงานอันนี้ จะมีหน้าที่คอยช่วยเหลือองค์กร ในด้าน IT ทุกๆด้าน ที่ไม่ใช่งานเฉพาะทางมากนักเช่น การสอนการใช้งานระบบ, Computer, Network, Server, Internet ตลอดจนอุปกรณ์ไอทีต่างๆรวมถึงการใช้งาน Application การลงโปรแกรม การดูแลระบบต่างๆอีกด้วย   ตำแหน่งงานนี้ ไม่ต้องการทักษะที่สูงมากนัก แต่จะเน้นประสบการณ์การใช้งานระบบนั้นๆมากกว่าซึ่งทุกองค์กรจำเป็นต้องมีพนักงานตำแหน่งนี้ หรือบุคลากรที่รู้เรื่องไอทีอยู่อย่างแน่นอน', 'https://www.training.com.au/wp-content/uploads/Network-engineer.jpg'),
	(8, 'Project Manager', 'อาชีพที่พัฒนาซอฟต์แวร์ให้ใหม่ Programmer (โปรแกรมเมอร์)...', 'สำหรับงานอันนี้ จะมีหน้าที่คอยช่วยเหลือองค์กร ในด้าน IT ทุกๆด้าน ที่ไม่ใช่งานเฉพาะทางมากนักเช่น การสอนการใช้งานระบบ, Computer, Network, Server, Internet ตลอดจนอุปกรณ์ไอทีต่างๆรวมถึงการใช้งาน Application การลงโปรแกรม การดูแลระบบต่างๆอีกด้วย   ตำแหน่งงานนี้ ไม่ต้องการทักษะที่สูงมากนัก แต่จะเน้นประสบการณ์การใช้งานระบบนั้นๆมากกว่าซึ่งทุกองค์กรจำเป็นต้องมีพนักงานตำแหน่งนี้ หรือบุคลากรที่รู้เรื่องไอทีอยู่อย่างแน่นอน', 'https://www.effectstaffing.com/wp-content/uploads/find-cybersecurity-specialists-at-effect-staffing.webp');

-- Dumping structure for table it_occupation.question
CREATE TABLE IF NOT EXISTS `question` (
  `id` int(11) NOT NULL AUTO_INCREMENT,
  `question_type` int(11) NOT NULL,
  `question` varchar(255) NOT NULL,
  PRIMARY KEY (`id`),
  CONSTRAINT `question_ibfk_1` FOREIGN KEY (`question_type`) REFERENCES `question_type` (`id`)
) ENGINE=InnoDB AUTO_INCREMENT=61 DEFAULT CHARSET=utf8mb4 COLLATE=utf8mb4_general_ci;

-- Dumping data for table it_occupation.question: ~56 rows (approximately)
REPLACE INTO `question` (`id`, `question_type`, `question`) VALUES
	(1, 1, 'คุณรู้สึกว่าคุณสามารถที่จะแก้ไขปัญหาเชิงเทคโนโลยีได้อย่างรวดเร็ว'),
	(2, 2, 'คุณเป็นคนที่ชอบเรียนรู้โครงสร้างเกี่ยวแอพพลิเคชั่นและซอฟต์แวร์'),
	(3, 3, 'คุณสนุกกับการแก้ปัญหาทางเทคนิคและหาทางแก้ไขข้อผิดพลาดในโค้ดหรือไม่?'),
	(4, 4, 'คุณเป็นคนที่ชื่นชอบความสวยงามของเว็บไซต์แต่ละเว็บไซต์'),
	(5, 5, 'คุณเป็นคนที่ชื่นชอบความสวยงามของเว็บไซต์แต่ละเว็บไซต์'),
	(6, 6, 'คนเป็นคนที่มีความคิดสร้างสรรค์'),
	(7, 7, 'คุณเข้าใจโครงสร้างเครือข่าย ได้อย่างถึงที่สุด'),
	(8, 8, 'คุณชอบที่จะแข่งขันกับการตลาด'),
	(13, 1, 'คุณเป็นคนที่ชอบช่วยเหลือผู้อื่นในการแก้ไขเกี่ยวกับปํญหาด้านเทคโนโลยี'),
	(14, 1, 'เมื่อเจอปํญหาที่ซับซ้อน คุณเป็นคนที่แก้ปํญหาได้อย่างละเอียด'),
	(15, 1, 'คุณเป็นคนที่มีการสื่อสารที่ดี พูดรู้เรื่อง อธิบายเข้าใจได้ง่าย'),
	(16, 1, 'คุณเป็นคนสะดวกที่จะอธิบายและให้คำแนะนำกับคนอื่นอยู่เสมอ'),
	(17, 1, 'คุณเป็นคนที่ชอบบริการ ชอบตอบคำถามหลาย ๆ อย่าง'),
	(18, 1, 'คุณเป็นคนที่ชอบหาความรู้ใหม่ ๆ ด้านเทคโนโลยีอยู่เสมอ'),
	(19, 2, 'คุณเป็นคนที่ชอบเขียนโปรแกรม และ พัฒนาโปรแกรมให้ดียิ่งขึ้น'),
	(20, 2, 'คุณสนุกไปกับการแก้ไข Error ที่พบบ่อย ๆ ในแต่ละบรรทัด'),
	(21, 2, 'คุณสามารถทำโปรเจคที่ซับซ้อนได้โดยไม่รู้สึกท้อถอย'),
	(22, 2, 'คุณเป็นคนที่ชอบทดลองอะไรใหม่ๆ '),
	(23, 2, 'คุณสามารถทำงานร่วมกันกับคนอื่น ๆ ในทีมได้'),
	(24, 2, 'คุณสามารถปรับตัว และเรียนรู้สิ่งใหม่ ๆ รอบตัวได้เสมอ'),
	(25, 3, 'คุณพร้อมที่จะเรียนรู้เทคโนโลยีใหม่ ๆ เพื่อรักษาความปลอดภัยทางไซเบอร์'),
	(26, 3, 'คุณชื่นชอบที่จะทำงานเกี่บวกับหน่วยความปลอดภัย'),
	(27, 3, 'คุณเข้าใจระบบเครือข่ายได้อย่างดี และปกป้องข้อมุลส่วนตัวอยู่เสมอ'),
	(28, 3, 'คุณเป็นคนที่ชอบท้าทายสิ่งใหม่ ๆ และพร้อมลุยอยู่เสมอ'),
	(29, 3, 'คุณรู้สึกตื่นตัวที่จะต้องแข่งขัน และสู้กับผู้อื่นหรือไม่'),
	(30, 3, 'คุณคิดว่าเวลาเราพลาดสิ่งใดไป เราจะต้องรีบแก้ไขโดยเร็วที่สุด'),
	(31, 4, 'คุณเป็นคนที่ชื่นชอบการเขียนโค้ด และการออกแบบ'),
	(32, 4, 'คุณเข้าใจโครงสร้างของเว็บไซต์ได้เป็นอย่างดี'),
	(33, 4, 'คุณเป็นคนที่ชอบความท้าทายที่หลากหลาย'),
	(34, 4, 'คุณชื่นชอบที่จะสร้างเว็บไซต์ ร่วมกับผู้อื่น เพื่อสนองความต้องการของลูกค้า'),
	(35, 4, 'คุณเป็นคนที่ชอบแก้ไขอะไรซ้ำ ๆ โดยที่ไม่รู้สึกท้อ'),
	(36, 4, 'คุณมักที่จะอัพเดท และพัฒนาตัวเองอยู่เสมอ'),
	(37, 5, 'คุณเข้าใจโครงสร้างของเว็บไซต์ได้เป็นอย่างดี'),
	(38, 5, 'คุณเป็นคนที่ชอบความท้าทายที่หลากหลาย'),
	(39, 5, 'คุณเป็นคนที่ชื่นชอบการเขียนโค้ด และการออกแบบ'),
	(40, 5, 'คุณชื่นชอบที่จะสร้างเว็บไซต์ ร่วมกับผู้อื่น เพื่อสนองความต้องการของลูกค้า'),
	(41, 5, 'คุณเป็นคนที่ชอบแก้ไขอะไรซ้ำ ๆ โดยที่ไม่รู้สึกท้อ'),
	(42, 5, 'คุณมักที่จะอัพเดท และพัฒนาตัวเองอยู่เสมอ'),
	(43, 6, 'คุณสนุกไปกับการออกแบบ และใส่ใจในรายละเอียด'),
	(44, 6, 'เวลาคุณใช้แอพพลิเคชั่นหรือโทรศัพท์ คุณคิดว่าอยากให้ใช้งานได้ง่ายที่สุด'),
	(45, 6, 'คุณชอบการวิจัย และชอบตั้งคำถามกับตัวเองว่าอะไรดี อะไรไม่ดี'),
	(46, 6, 'คุณเข้าใจโครงสร้างอินเตอร์เฟซ และ UX/UI ได้อย่างดี'),
	(47, 6, 'เมื่อคุณทำงานคุณจะทำให้สภาพแวดล้อมการทำงานนั้นมีความเรียบง่ายและดีที่สุด'),
	(48, 6, 'คุณเป็นคนที่จะเรียนรู้เทคโนโลยี เกี่ยวกับการออกแบบอยู่เสมอ'),
	(49, 7, 'คุณเป็นคนที่ชื่นชอบที่จะแก้ไขปัญหาทางเทคนิค เชิงเครือข่าย'),
	(50, 7, 'คุณเป็นคนที่วิเคราะห์อะไรยาก ๆ ได้เก่งมาก'),
	(51, 7, 'คุณทำงานและสื่อสารกับคนในทีมได้'),
	(52, 7, 'คุณรู้จัก Firewall ได้เป็นอย่างดี'),
	(53, 7, 'คุณจะอัพเดทความปลอดภัยให้ตัวคุณเองอยู่เสมอ'),
	(54, 7, 'คุณชื่นชอบเทคโนโลยีใหม่ ๆ ที่เกี่ยวกัยเครือข่าย และคลาวด์'),
	(55, 8, 'คุณอยากเป็นหัวหน้ากิจการ หรือโครงการที่ตัวเองถือ'),
	(56, 8, 'คุณเป็นคนที่มีการสื่อสารที่ดีมาก ๆ '),
	(57, 8, 'เมื่อคุณทำงานกลุ่มคุณจะเป็นหัวหน้ากลุ่มอยู่เสมอ'),
	(58, 8, 'คุณแบ่งงานและเข้าใจส่วนงานนั้น ๆ ได้อย่างเข้าใจ'),
	(59, 8, 'คุณเป็นคนที่แก้ไขปัญหาเฉพาะหน้าได้ดี'),
	(60, 8, 'คุณมีเวลาที่จะเรียนรู้สิ่งใหม่ ๆ ให้เหมาะกับสายงานนั้นอยู่เสมอ');

-- Dumping structure for table it_occupation.question_type
CREATE TABLE IF NOT EXISTS `question_type` (
  `id` int(11) NOT NULL AUTO_INCREMENT,
  `type_name` varchar(255) NOT NULL,
  PRIMARY KEY (`id`)
) ENGINE=InnoDB AUTO_INCREMENT=9 DEFAULT CHARSET=utf8mb4 COLLATE=utf8mb4_general_ci;

-- Dumping data for table it_occupation.question_type: ~8 rows (approximately)
REPLACE INTO `question_type` (`id`, `type_name`) VALUES
	(1, 'IT Support'),
	(2, 'Web Developer'),
	(3, 'System Analyst'),
	(4, 'Project Manager'),
	(5, 'UX / UI Designer'),
	(6, 'Software Developer'),
	(7, 'Network Engineer'),
	(8, 'Cybersecurity');

-- Dumping structure for table it_occupation.users
CREATE TABLE IF NOT EXISTS `users` (
  `id` int(11) NOT NULL AUTO_INCREMENT,
  `fname` varchar(255) NOT NULL,
  `lname` varchar(255) NOT NULL,
  `email` varchar(255) NOT NULL,
  `password` varchar(255) NOT NULL,
  `create_at` timestamp NOT NULL DEFAULT current_timestamp() ON UPDATE current_timestamp(),
  PRIMARY KEY (`id`)
) ENGINE=InnoDB AUTO_INCREMENT=23 DEFAULT CHARSET=utf8mb4 COLLATE=utf8mb4_general_ci;

-- Dumping data for table it_occupation.users: ~1 rows (approximately)
REPLACE INTO `users` (`id`, `fname`, `lname`, `email`, `password`, `create_at`) VALUES
	(14, 'jay', 'eiei', 'aa@aa', '123', '2024-11-07 12:07:26');

/*!40103 SET TIME_ZONE=IFNULL(@OLD_TIME_ZONE, 'system') */;
/*!40101 SET SQL_MODE=IFNULL(@OLD_SQL_MODE, '') */;
/*!40014 SET FOREIGN_KEY_CHECKS=IFNULL(@OLD_FOREIGN_KEY_CHECKS, 1) */;
/*!40101 SET CHARACTER_SET_CLIENT=@OLD_CHARACTER_SET_CLIENT */;
/*!40111 SET SQL_NOTES=IFNULL(@OLD_SQL_NOTES, 1) */;
